{
  "train_loss": [
    1.6070166528224945,
    1.4716233313083649,
    1.4101580381393433,
    1.3629330694675446,
    1.345149141550064,
    1.3133417665958405,
    1.2944325387477875,
    1.2982367992401123,
    1.2783270299434661,
    1.2591293334960938,
    1.2311609923839568,
    1.2167777329683305
  ],
  "train_acc": [
    28.733766233766232,
    39.61038961038961,
    45.12987012987013,
    46.91558441558441,
    49.51298701298701,
    51.785714285714285,
    53.73376623376623,
    53.40909090909091,
    54.05844155844156,
    57.3051948051948,
    57.79220779220779,
    58.44155844155844
  ],
  "val_loss": [
    1.554386019706726,
    1.4242523193359375,
    1.4866959571838378,
    1.4327769041061402,
    1.433765697479248,
    1.3721244573593139,
    1.362605619430542,
    1.3501430034637452,
    1.3281730651855468,
    1.3469372034072875,
    1.3115015506744385,
    1.311109733581543
  ],
  "val_acc": [
    31.782945736434108,
    48.83720930232558,
    44.96124031007752,
    49.6124031007752,
    49.6124031007752,
    53.48837209302326,
    53.48837209302326,
    54.263565891472865,
    55.81395348837209,
    55.03875968992248,
    57.36434108527132,
    57.36434108527132
  ],
  "learning_rates": [
    0.001,
    0.0009829799502313896,
    0.0009330796891903274,
    0.0008536998372026806,
    0.0007502500000000002,
    0.0006297801130287093,
    0.0005005000000000001,
    0.000371219886971291,
    0.00025075000000000016,
    0.00014730016279731957,
    6.792031080967288e-05,
    1.802004976861044e-05
  ]
}